{
    "acc": 0.8483606557377049,
    "loss": 0.3615547902271396,
    "training_time": 73.298819065094
}